{"cameraMode":{"drawMode":0,"name":"Shaded","section":"Shading Mode"},"sceneLighting":false,"audioPlay":false,"sceneViewState":{"m_AlwaysRefresh":false,"showFog":true,"showSkybox":false,"showFlares":true,"showImageEffects":true,"showParticleSystems":true,"showVisualEffectGraphs":true,"m_FxEnabled":true},"in2DMode":false,"pivot":{"x":7.313366413116455,"y":0.1975451111793518,"z":11.573320388793946},"rotation":{"x":-0.05713604390621185,"y":0.8327586650848389,"z":-0.5436928868293762,"w":-0.08751314878463745},"size":0.6677374839782715,"orthographic":true}