{"cameraMode":{"drawMode":0,"name":"Shaded","section":"Shading Mode"},"sceneLighting":true,"audioPlay":false,"sceneViewState":{"m_AlwaysRefresh":false,"showFog":true,"showSkybox":true,"showFlares":true,"showImageEffects":true,"showParticleSystems":true,"showVisualEffectGraphs":true,"m_FxEnabled":true},"in2DMode":false,"pivot":{"x":12.73016357421875,"y":8.40999984741211,"z":8.166157722473145},"rotation":{"x":0.004299042280763388,"y":-0.29781806468963625,"z":-0.0013288639020174742,"w":-0.9546188712120056},"size":2.133894443511963,"orthographic":true}