{"cameraMode":{"drawMode":0,"name":"Shaded","section":"Shading Mode"},"sceneLighting":false,"audioPlay":false,"sceneViewState":{"m_AlwaysRefresh":false,"showFog":true,"showSkybox":false,"showFlares":true,"showImageEffects":true,"showParticleSystems":true,"showVisualEffectGraphs":true,"m_FxEnabled":true},"in2DMode":false,"pivot":{"x":0.7488821744918823,"y":0.3824005722999573,"z":0.975008487701416},"rotation":{"x":0.10544010251760483,"y":-0.3900531828403473,"z":0.04501178115606308,"w":0.9136353731155396},"size":1.4347717761993409,"orthographic":true}