{"cameraMode":{"drawMode":0,"name":"Shaded","section":"Shading Mode"},"sceneLighting":false,"audioPlay":false,"sceneViewState":{"m_AlwaysRefresh":false,"showFog":true,"showSkybox":false,"showFlares":true,"showImageEffects":true,"showParticleSystems":true,"showVisualEffectGraphs":true,"m_FxEnabled":true},"in2DMode":false,"pivot":{"x":0.46093541383743288,"y":1.4014853239059449,"z":14.493764877319336},"rotation":{"x":-0.027790602296590806,"y":0.08595351129770279,"z":-0.00240903883241117,"w":-0.9959338903427124},"size":0.3098256289958954,"orthographic":true}