{"cameraMode":{"drawMode":0,"name":"Shaded","section":"Shading Mode"},"sceneLighting":false,"audioPlay":false,"sceneViewState":{"m_AlwaysRefresh":false,"showFog":true,"showSkybox":false,"showFlares":true,"showImageEffects":true,"showParticleSystems":true,"showVisualEffectGraphs":true,"m_FxEnabled":true},"in2DMode":false,"pivot":{"x":-0.20560026168823243,"y":0.9666014909744263,"z":-0.6404471397399902},"rotation":{"x":0.24424847960472108,"y":-0.3116973340511322,"z":0.08325187116861344,"w":0.9144715666770935},"size":1.742861270904541,"orthographic":true}