{"cameraMode":{"drawMode":0,"name":"Shaded","section":"Shading Mode"},"sceneLighting":false,"audioPlay":false,"sceneViewState":{"m_AlwaysRefresh":false,"showFog":true,"showSkybox":false,"showFlares":true,"showImageEffects":true,"showParticleSystems":true,"showVisualEffectGraphs":true,"m_FxEnabled":true},"in2DMode":false,"pivot":{"x":-1.705824375152588,"y":5.539559364318848,"z":-0.09618854522705078},"rotation":{"x":0.23815645277500153,"y":0.7617851495742798,"z":-0.4315268397331238,"w":0.42042508721351626},"size":2.3894288539886476,"orthographic":true}